{"initial_reset_timestamp": 1619429010.639919, "timestamps": [1619429011.6774783, 1619429012.0837288, 1619429012.531007, 1619429012.9528863, 1619429013.3747485, 1619429013.765362, 1619429014.1716008, 1619429014.5465863, 1619429014.9528246, 1619429015.3434365, 1619429015.76336, 1619429016.1544883, 1619429016.5607243, 1619429016.9513376, 1619429017.3419287, 1619429017.7325644, 1619429018.1231768, 1619429018.5137887, 1619429018.9044034, 1619429019.2793899], "episode_lengths": [4, 4, 4, 4, 4, 4, 4, 4, 4, 4, 4, 4, 4, 4, 4, 4, 4, 4, 4, 4], "episode_rewards": [-3.0, -3.0, -3.0, -3.0, -3.0, -3.0, -3.0, -3.0, -3.0, -3.0, -3.0, -3.0, -3.0, -3.0, -3.0, -3.0, -3.0, -3.0, -3.0, -3.0], "episode_types": ["t", "t", "t", "t", "t", "t", "t", "t", "t", "t", "t", "t", "t", "t", "t", "t", "t", "t", "t", "t"]}